Link Name,Center of Mass X,Center of Mass Y,Center of Mass Z,Center of Mass Roll,Center of Mass Pitch,Center of Mass Yaw,Mass,Moment Ixx,Moment Ixy,Moment Ixz,Moment Iyy,Moment Iyz,Moment Izz,Visual X,Visual Y,Visual Z,Visual Roll,Visual Pitch,Visual Yaw,Mesh Filename,Color Red,Color Green,Color Blue,Color Alpha,Collision X,Collision Y,Collision Z,Collision Roll,Collision Pitch,Collision Yaw,Collision Mesh Filename,Material Name,SW Components,Coordinate System,Axis Name,Joint Name,Joint Type,Joint Origin X,Joint Origin Y,Joint Origin Z,Joint Origin Roll,Joint Origin Pitch,Joint Origin Yaw,Parent,Joint Axis X,Joint Axis Y,Joint Axis Z,Limit Effort,Limit Velocity,Limit Lower,Limit Upper,Calibration rising,Calibration falling,Dynamics Damping,Dynamics Friction,Safety Soft Upper,Safety Soft Lower,Safety K Position,Safety K Velocity
base_link,2.7676E-17,-6.9095E-07,0.022647,0,0,0,13.655,1.2842,5.5738E-19,2.8429E-17,1.7389,8.4662E-07,0.45554,0,0,0,0,0,0,package://urdf_1/meshes/base_link.STL,0.79216,0.81961,0.93333,1,0,0,0,0,0,0,package://urdf_1/meshes/base_link.STL,,底盘-1,Origin_global,,,,0,0,0,0,0,0,,0,0,0,,,,,,,,,,,,
Link_R_motor,-1.6267E-16,0.0040603,-0.0022725,0,0,0,0.16764,0.00018103,-1.8792E-18,3.5751E-21,4.2194E-05,-3.8785E-06,0.0001792,0,0,0,0,0,0,package://urdf_1/meshes/Link_R_motor.STL,0.79216,0.81961,0.93333,1,0,0,0,0,0,0,package://urdf_1/meshes/Link_R_motor.STL,,车轮驱动-1/电机-2;车轮驱动-1/电机支架-2,Origin_Joint_R_motor,Axis_Joint_R_motor,Joint_R_motor,fixed,0.268,0,-0.0459999999999998,-3.14159265358978,0,1.5707963267949,base_link,0,0,0,,,,,,,,,,,,
Link_R_wheel,-0.0524780676109808,1.41206490944512E-15,2.84494650060196E-16,0,0,0,0.988887196728421,0.00522963361106489,-3.89076829271372E-17,-1.03118823978009E-17,0.00276138890364012,3.79470760369927E-19,0.00276138890364011,0,0,0,0,0,0,package://urdf_1/meshes/Link_R_wheel.STL,0.792156862745098,0.819607843137255,0.933333333333333,1,0,0,0,0,0,0,package://urdf_1/meshes/Link_R_wheel.STL,,轮子-2,Origin_Joint_R_wheel,基准轴1,Joint_R_wheel,continuous,0,0.0560000000000009,0,-0.31374961603542,0,-1.57079632679489,Link_R_motor,1,0,0,,,,,,,,,,,,
Link_L_motor,-1.0996539736511E-16,0.00406025821830519,-0.00227245855211405,0,0,0,0.167637868322072,0.000181028175947113,-1.84699862136097E-18,-1.07277063325001E-21,4.21942535582781E-05,-3.87849424261692E-06,0.000179196693722463,0,0,0,0,0,0,package://urdf_1/meshes/Link_L_motor.STL,0.792156862745098,0.819607843137255,0.933333333333333,1,0,0,0,0,0,0,package://urdf_1/meshes/Link_L_motor.STL,,车轮驱动-2/电机-2;车轮驱动-2/电机支架-2,Origin_Joint_L_motor,Axis_Joint_L_motor,Joint_L_motor,fixed,-0.268,0,-0.0459999999999998,3.14159265358978,0,-1.5707963267949,base_link,0,0,0,,,,,,,,,,,,
Link_L_wheel,-0.0524780676109834,-8.88178419700125E-16,1.02869102125425E-15,0,0,0,0.988887196728421,0.00522963361106489,3.39193652544587E-17,-2.62899669607534E-17,0.00276138890364012,7.58941520739853E-19,0.00276138890364012,0,0,0,0,0,0,package://urdf_1/meshes/Link_L_wheel.STL,0.792156862745098,0.819607843137255,0.933333333333333,1,0,0,0,0,0,0,package://urdf_1/meshes/Link_L_wheel.STL,,轮子-1,Origin_Joint_L_wheel,基准轴2,Joint_L_wheel,continuous,0,0.056,0,-1.85,0,-1.5708,Link_L_motor,1,0,0,,,,,,,,,,,,
Link_F_holder,-3.52357032440409E-14,-0.025560777699365,-0.00438193461397363,0,0,0,0.0344907923602774,2.06039975739628E-05,1.59882042306095E-20,-1.20702194983738E-20,1.93437594179329E-05,-3.94518025362099E-06,2.76356519539093E-05,0,0,0,0,0,0,package://urdf_1/meshes/Link_F_holder.STL,0.792156862745098,0.819607843137255,0.933333333333333,1,0,0,0,0,0,0,package://urdf_1/meshes/Link_F_holder.STL,,万向轮-1/万向轮支架-1,Origin_Joint_F_holder,基准轴3,Joint_F_holder,continuous,0,0.375,-0.0075,1.5708,0,2.9968,base_link,0,1,0,,,,,,,,,,,,
Link_F_caster,-0.0607530804496581,0.0400258699850806,-1.45267227477097E-05,0,0,0,0.236379485864502,0.000165153337888593,-1.13322170301318E-07,-6.48251882177358E-08,0.000165209378330049,8.30611756546866E-08,0.000294295206204224,0,0,0,0,0,0,package://urdf_1/meshes/Link_F_caster.STL,0.792156862745098,0.819607843137255,0.933333333333333,1,0,0,0,0,0,0,package://urdf_1/meshes/Link_F_caster.STL,,万向轮-1/万向轮-1,Origin_Joint_F_caster,基准轴4,Joint_F_caster,continuous,0,0,0,1.5708,-0.81844,1.5708,Link_F_holder,0,0,1,,,,,,,,,,,,
Link_B_holder,3.84831055910695E-14,-0.025560777699365,-0.00438193461398861,0,0,0,0.0344907923602774,2.06039975739628E-05,1.99010099955085E-20,3.3881317890172E-21,1.93437594179329E-05,-3.94518025362094E-06,2.76356519539093E-05,0,0,0,0,0,0,package://urdf_1/meshes/Link_B_holder.STL,0.792156862745098,0.819607843137255,0.933333333333333,1,0,0,0,0,0,0,package://urdf_1/meshes/Link_B_holder.STL,,万向轮-2/万向轮支架-1,Origin_Joint_B_holder,基准轴5,Joint_B_holder,continuous,0,-0.375,-0.0075,1.5708,0,3.0317,base_link,0,1,0,,,,,,,,,,,,
Link_B_caster,0.0558471858628283,0.011786899423349,-1.45267227477028E-05,0,0,0,0.236379485864501,0.000165153337888593,-1.13322170301249E-07,-6.48251882177006E-08,0.000165209378330049,8.30611756546391E-08,0.000294295206204224,0,0,0,0,0,0,package://urdf_1/meshes/Link_B_caster.STL,0.792156862745098,0.819607843137255,0.933333333333333,1,0,0,0,0,0,0,package://urdf_1/meshes/Link_B_caster.STL,,万向轮-2/万向轮-1,Origin_Joint_B_caster,基准轴6,Joint_B_caster,continuous,0,-0.016298,0,-1.5708,0.094002,-1.5708,Link_B_holder,0,0,1,,,,,,,,,,,,
Link_laser,6.04236390401587E-09,0.00405882035841088,3.24830731257553E-07,0,0,0,0.201875516239374,0.00011030851717415,-1.4477084477744E-11,-2.49911306088135E-11,0.000147313391528108,-7.69696051742169E-10,0.000110306425407583,0,0,0,0,0,0,package://urdf_1/meshes/Link_laser.STL,0.792156862745098,0.819607843137255,0.933333333333333,1,0,0,0,0,0,0,package://urdf_1/meshes/Link_laser.STL,,雷达-1,Origin_Joint_laser,,Joint_laser,fixed,0,0.48,0.0275,1.5708,0,0,base_link,0,0,0,,,,,,,,,,,,
Link_up_borad,0,0,0,0,0,0,0,0,0,0,0,0,0,0,0,0,0,0,0,package://urdf_1/meshes/Link_up_borad.STL,1,1,1,1,0,0,0,0,0,0,package://urdf_1/meshes/Link_up_borad.STL,,地板支柱-2;地板支柱-4;地板支柱-3;地板支柱-1;地板支柱-5;地板支柱-6;上层盖板-1,Origin_Joint_up_board,Axis_Joint_up_board,Joint_up_board,continuous,0,-0.36,0.01,1.5707963267949,0,0,base_link,0,1,0,,,,,,,,,,,,
